{"cameraMode":{"drawMode":0,"name":"Shaded","section":"Shading Mode"},"sceneLighting":true,"audioPlay":false,"sceneViewState":{"showFog":true,"showMaterialUpdate":false,"showSkybox":true,"showFlares":true,"showImageEffects":true,"showParticleSystems":true},"in2DMode":false,"pivot":{"x":7.884079933166504,"y":3.6078619956970217,"z":26.158884048461915},"rotation":{"x":0.013158198446035385,"y":0.06803908944129944,"z":0.0008974012453109026,"w":-0.997595489025116},"size":43.686729431152347,"orthographic":false}