{"cameraMode":{"drawMode":0,"name":"Shaded","section":"Shading Mode"},"sceneLighting":true,"audioPlay":false,"sceneViewState":{"showFog":true,"showMaterialUpdate":false,"showSkybox":true,"showFlares":true,"showImageEffects":true,"showParticleSystems":true},"in2DMode":false,"pivot":{"x":523.1128540039063,"y":150.04234313964845,"z":82.013916015625},"rotation":{"x":-0.11108388751745224,"y":0.0020790970884263517,"z":-0.0002333950687898323,"w":-0.9938088655471802},"size":755.8524169921875,"orthographic":false}